character,copyright,char_posts
twilight_sparkle_(mlp),friendship_is_magic,33521
judy_hopps,zootopia,30846
fluttershy_(mlp),friendship_is_magic,26716
rainbow_dash_(mlp),friendship_is_magic,26044
nick_wilde,zootopia,25282
rarity_(mlp),friendship_is_magic,22287
pinkie_pie_(mlp),friendship_is_magic,22077
applejack_(mlp),friendship_is_magic,19285
princess_celestia_(mlp),friendship_is_magic,19080
princess_luna_(mlp),friendship_is_magic,18458
rouge_the_bat,sonic_the_hedgehog_(series),16840
sonic_the_hedgehog,sonic_the_hedgehog_(series),15677
miles_prower,sonic_the_hedgehog_(series),13218
amy_rose,sonic_the_hedgehog_(series),12955
krystal,star_fox,12432
toriel,undertale_(series),11924
isabelle_(animal_crossing),animal_crossing,11444
bowser,mario_bros,10795
spike_(mlp),friendship_is_magic,10660
loona_(helluva_boss),helluva_boss,10612
fox_mccloud,star_fox,9272
queen_chrysalis_(mlp),friendship_is_magic,7165
sweetie_belle_(mlp),friendship_is_magic,7134
trixie_(mlp),friendship_is_magic,6711
apple_bloom_(mlp),friendship_is_magic,6316
princess_cadance_(mlp),friendship_is_magic,6275
scootaloo_(mlp),friendship_is_magic,6219
big_macintosh_(mlp),friendship_is_magic,6144
shining_armor_(mlp),friendship_is_magic,6135
blaze_the_cat,sonic_the_hedgehog_(series),6042
shadow_the_hedgehog,sonic_the_hedgehog_(series),5968
stitch_(lilo_and_stitch),lilo_and_stitch,5903
foxy_(fnaf),five_nights_at_freddy's,5745
asriel_dreemurr,undertale,5663
derpy_hooves_(mlp),friendship_is_magic,5650
ankha_(animal_crossing),animal_crossing,5576
legoshi_(beastars),beastars,5490
cream_the_rabbit,sonic_the_hedgehog_(series),5341
pokemon_trainer,pokemon,5262
midna,twilight_princess,5239
nicole_watterson,the_amazing_world_of_gumball,5160
frisk_(undertale),undertale,5145
undyne,undertale_(series),5115
falco_lombardi,star_fox,5019
wolf_o'donnell,star_fox,4763
coco_bandicoot,crash_bandicoot_(series),4564
sally_acorn,sonic_the_hedgehog_(archie),4421
vinyl_scratch_(mlp),friendship_is_magic,4409
link,the_legend_of_zelda,4398
wonderbolts_(mlp),friendship_is_magic,4374
alphys,undertale_(series),4288
ralsei,deltarune,4101
knuckles_the_echidna,sonic_the_hedgehog_(series),4028
susie_(deltarune),deltarune,3914
lola_bunny,looney_tunes,3896
sans_(undertale),undertale_(series),3810
starlight_glimmer_(mlp),friendship_is_magic,3799
octavia_(mlp),friendship_is_magic,3707
vanilla_the_rabbit,sonic_the_hedgehog_(series),3669
princess_twilight_sparkle_(mlp),friendship_is_magic,3626
discord_(mlp),friendship_is_magic,3591
nightmare_moon_(mlp),friendship_is_magic,3506
toy_chica_(fnaf),five_nights_at_freddy's_2,3504
bonnie_(fnaf),five_nights_at_freddy's,3470
asgore_dreemurr,undertale_(series),3417
spyro,spyro_the_dragon,3395
lyra_heartstrings_(mlp),friendship_is_magic,3286
kris_(deltarune),deltarune,3186
roxanne_wolf_(fnaf),five_nights_at_freddy's:_security_breach,3176
gumball_watterson,the_amazing_world_of_gumball,3164
master_tigress,kung_fu_panda,3091
freddy_(fnaf),five_nights_at_freddy's,2990
villager_(animal_crossing),animal_crossing,2916
mangle_(fnaf),five_nights_at_freddy's_2,2806
kindred_(lol),league_of_legends,2718
chica_(fnaf),five_nights_at_freddy's,2665
asriel_dreemurr_(god_form),undertale,2664
lamb_(lol),league_of_legends,2660
princess_zelda,the_legend_of_zelda,2657
mae_borowski,night_in_the_woods,2631
michiru_kagemori,brand_new_animal,2622
temmie_(undertale),undertale,2608
spitfire_(mlp),friendship_is_magic,2549
rivet_(ratchet_and_clank),ratchet_and_clank,2544
anubis,egyptian_mythology,2513
tom_nook_(animal_crossing),animal_crossing,2496
sunset_shimmer_(eg),equestria_girls,2479
gilda_(mlp),friendship_is_magic,2472
sheriff_mao_mao_mao,mao_mao:_heroes_of_pure_heart,2443
muffet,undertale,2418
princess_peach,mario_bros,2415
katia_managan,prequel_adventure,2393
gadget_hackwrench,chip_'n_dale_rescue_rangers,2344
finnick,zootopia,2322
rocket_raccoon,guardians_of_the_galaxy,2313
king_sombra_(mlp),friendship_is_magic,2312
kirby,kirby_(series),2310
carmelita_fox,sly_cooper_(series),2284
toy_bonnie_(fnaf),five_nights_at_freddy's_2,2280
mario,mario_bros,2251
diane_foxington,the_bad_guys,2217
scp-1471,scp_foundation,2198
scp-1471-a,scp_foundation,2198
maid_marian,robin_hood_(disney),2171
zecora_(mlp),friendship_is_magic,2166
papyrus_(undertale),undertale,2143
haida,aggressive_retsuko,2126
mr._wolf_(the_bad_guys),the_bad_guys,2121
simba,the_lion_king,2088
retsuko,aggressive_retsuko,2068
haru_(beastars),beastars,2067
koopaling,mario_bros,2066
nala,the_lion_king,2057
felicia_(darkstalkers),darkstalkers,1974
louis_(beastars),beastars,1959
noelle_holiday,deltarune,1885
juno_(beastars),beastars,1860
moxxie_(helluva_boss),helluva_boss,1857
cynder,spyro_the_dragon,1820
soarin_(mlp),friendship_is_magic,1814
toothless,how_to_train_your_dragon,1813
ratchet,ratchet_and_clank,1809
jack_savage,zootopia,1796
crash_bandicoot,crash_bandicoot_(series),1781
maud_pie_(mlp),friendship_is_magic,1780
klonoa,klonoa_(series),1777
shantae,shantae_(series),1762
samus_aran,metroid,1739
millie_(helluva_boss),helluva_boss,1732
stolas_(helluva_boss),helluva_boss,1727
silver_the_hedgehog,sonic_the_hedgehog_(series),1725
tawna_bandicoot,crash_bandicoot_(series),1720
kitty_katswell,t.u.f.f._puppy,1718
raphael_(tmnt),teenage_mutant_ninja_turtles,1703
marina_(splatoon),splatoon,1699
princess_ember_(mlp),friendship_is_magic,1693
peg_pete,goof_troop,1691
fenneko,aggressive_retsuko,1687
tristana_(lol),league_of_legends,1657
bea_santello,night_in_the_woods,1639
jenny_wakeman,my_life_as_a_teenage_robot,1628
ahri_(lol),league_of_legends,1624
minerva_mink,animaniacs,1608
glamrock_freddy_(fnaf),five_nights_at_freddy's:_security_breach,1607
leonardo_(tmnt),teenage_mutant_ninja_turtles,1598
chara_(undertale),undertale,1597
poppy_(lol),league_of_legends,1587
kass_(tloz),breath_of_the_wild,1587
bonbon_(mlp),friendship_is_magic,1571
fifi_la_fume,tiny_toon_adventures,1559
freya_crescent,final_fantasy_ix,1542
chief_bogo,zootopia,1505
lamb_(cult_of_the_lamb),cult_of_the_lamb,1503
springtrap_(fnaf),five_nights_at_freddy's_3,1490
twilight_velvet_(mlp),friendship_is_magic,1476
sly_cooper,sly_cooper_(series),1475
amaterasu_(okami),okami_(capcom),1471
blitzo_(helluva_boss),helluva_boss,1463
cheerilee_(mlp),friendship_is_magic,1455
royal_guard_(mlp),friendship_is_magic,1451
hornet_(hollow_knight),hollow_knight,1427
godzilla,godzilla_(series),1421
skye_(zootopia),zootopia,1410
bugs_bunny,looney_tunes,1403
morgana_(persona),megami_tensei_persona,1358
michelangelo_(tmnt),teenage_mutant_ninja_turtles,1356
tempest_shadow_(mlp),my_little_pony:_the_movie_(2017),1355
badgerclops,mao_mao:_heroes_of_pure_heart,1341
raymond_(animal_crossing),animal_crossing,1336
flick_(animal_crossing),animal_crossing,1328
bunnie_rabbot,sonic_the_hedgehog_(archie),1328
sticks_the_jungle_badger,sonic_boom,1310
leib_(tas),tokyo_afterschool_summoners,1298
braeburn_(mlp),friendship_is_magic,1295
banjo_(banjo-kazooie),banjo-kazooie,1294
waaifu_(arknights),arknights,1289
shirou_ogami,brand_new_animal,1288
gideon_grey,zootopia,1281
flowey_the_flower,undertale,1275
miruko,my_hero_academia,1270
callie_briggs,swat_kats,1253
link_(wolf_form),the_legend_of_zelda,1243
donatello_(tmnt),teenage_mutant_ninja_turtles,1241
beerus,dragon_ball,1226
wave_the_swallow,sonic_riders,1220
red_crown_(cult_of_the_lamb),cult_of_the_lamb,1209
marble_pie_(mlp),friendship_is_magic,1200
rigby_(regular_show),regular_show,1187
mordecai_(regular_show),regular_show,1177
smolder_(mlp),friendship_is_magic,1176
puro_(changed),changed_(video_game),1174
benjamin_clawhauser,zootopia,1164
elora,spyro_the_dragon,1161
horkeu_kamui_(tas),tokyo_afterschool_summoners,1160
whisper_the_wolf,sonic_the_hedgehog_(idw),1156
ran_yakumo,touhou,1150
digby_(animal_crossing),animal_crossing,1143
montgomery_gator_(fnaf),five_nights_at_freddy's:_security_breach,1142
tasque_manager,deltarune,1136
coco_pommel_(mlp),friendship_is_magic,1134
cream_heart_(mlp),my_little_pony,1126
blaidd_(elden_ring),elden_ring,1123
diamond_tiara_(mlp),friendship_is_magic,1120
pearl_(splatoon),splatoon,1117
gazelle_(zootopia),zootopia,1115
master_po_ping,kung_fu_panda,1111
soraka,league_of_legends,1106
claire_(the_summoning),the_summoning,1106
sandy_cheeks,spongebob_squarepants,1105
audie_(animal_crossing),animal_crossing,1104
cosplay_pikachu_(character),pokemon,1104
jack_(beastars),beastars,1099
angel_(lilo_and_stitch),lilo_and_stitch,1097
marie_(splatoon),splatoon,1095
glamrock_chica_(fnaf),five_nights_at_freddy's:_security_breach,1075
tikal_the_echidna,sonic_adventure,1074
switch_dog,nintendo_switch,1074
lilo_pelekai,lilo_and_stitch,1073
teemo_(lol),league_of_legends,1068
momiji_inubashiri,touhou,1065
flora_(twokinds),twokinds,1047
sable_able,animal_crossing,1044
santa_claus,christmas,1040
master_splinter,teenage_mutant_ninja_turtles,1027
fidget_(elysian_tail),dust:_an_elysian_tail,1013
kazooie,banjo-kazooie,1002
angel_(mlp),friendship_is_magic,989
keith_keiser,twokinds,961
mettaton,undertale,955
toy_freddy_(fnaf),five_nights_at_freddy's_2,953
silver_spoon_(mlp),friendship_is_magic,948
flurry_heart_(mlp),friendship_is_magic,946
rebecca_cunningham,talespin,945
li_li_stormstout,warcraft,944
taokaka,blazblue,939
torahiko_(morenatsu),morenatsu,939
lammy_lamb,um_jammer_lammy,939
sasha_(animal_crossing),animal_crossing,938
sunburst_(mlp),friendship_is_magic,937
jenna_(balto),balto_(film),937
nanachi,made_in_abyss,932
meow_skulls_(fortnite),fortnite,928
little_red_riding_hood,little_red_riding_hood_(copyright),924
callie_(splatoon),splatoon,922
octavia_(helluva_boss),helluva_boss,922
mrs._cake_(mlp),friendship_is_magic,920
dawn_bellwether,zootopia,918
max_goof,goof_troop,914
izzy_moonbow_(mlp),mlp_g5,911
natani,twokinds,911
button_mash_(mlp),friendship_is_magic,907
jon_talbain,darkstalkers,906
nicole_the_lynx,sonic_the_hedgehog_(archie),899
kathrin_vaughan,twokinds,898
sonic_the_werehog,sonic_unleashed,896
monster_kid,undertale_(series),895
ash_ketchum,pokemon,894
gnar_(lol),league_of_legends,890
ridley,metroid,863
carrot_(one_piece),one_piece,862
tangle_the_lemur,sonic_the_hedgehog_(idw),857
angel_dust,hazbin_hotel,851
nasus_(lol),league_of_legends,847
gregg_lee,night_in_the_woods,845
anais_watterson,the_amazing_world_of_gumball,842
slippy_toad,star_fox,841
scar_(the_lion_king),the_lion_king,840
penny_fitzgerald,the_amazing_world_of_gumball,835
warwick_(lol),league_of_legends,832
protagonist_(hollow_knight),hollow_knight,829
wolf_(lol),league_of_legends,828
c.j._(animal_crossing),animal_crossing,823
limestone_pie_(mlp),friendship_is_magic,823
babs_bunny,tiny_toon_adventures,815
sash_lilac,freedom_planet,815
king_k._rool,donkey_kong_(series),814
luigi,mario_bros,814
mickey_mouse,disney,812
brian_griffin,family_guy,804
porsha_crystal,sing_(movie),804
holo_(spice_and_wolf),spice_and_wolf,802
babs_seed_(mlp),friendship_is_magic,799
jenny_(bucky_o'hare),bucky_o'hare_(series),799
venom_(marvel),marvel,791
rengar_(lol),league_of_legends,791
revali,breath_of_the_wild,789
minnie_mouse,disney,786
mina_mongoose,sonic_the_hedgehog_(archie),781
donkey_kong_(character),donkey_kong_(series),779
bowser_jr.,mario_bros,777
reuben_(lilo_and_stitch),lilo_and_stitch,775
ori_(ori),ori_(series),772
daring_do_(mlp),friendship_is_magic,771
kiara,the_lion_king,770
conker,conker's_bad_fur_day,767
cherry_(animal_crossing),animal_crossing,765
doctor_whooves_(mlp),friendship_is_magic,756
kurama,naruto,750
max_(sam_and_max),sam_and_max,748
amicus_(adastra),adastra,748
lin_(changed),changed_(video_game),745
thunderlane_(mlp),friendship_is_magic,742
stella_(helluva_boss),helluva_boss,742
twitch_(lol),league_of_legends,741
golden_freddy_(fnaf),five_nights_at_freddy's,738
fizz_(lol),league_of_legends,737
momo_(google),magic_cat_academy,736
big_the_cat,sonic_the_hedgehog_(series),735
balto,balto_(film),735
mrs._katswell,t.u.f.f._puppy,726
inkling_girl,splatoon,725
sunny_starscout_(mlp),mlp_g5,720
catty_(undertale),undertale_(series),715
daybreaker_(mlp),friendship_is_magic,715
roxanne_(goof_troop),goof_troop,715
finn_the_human,adventure_time,713
dot_warner,animaniacs,712
big_bad_wolf,fairy_tales,705
nightmare_rarity_(idw),my_little_pony_(idw),704
sisu_(ratld),raya_and_the_last_dragon,701
ms._harshwhinny_(mlp),friendship_is_magic,700
nurse_redheart_(mlp),friendship_is_magic,700
veigar,league_of_legends,690
tony_tony_chopper,one_piece,689
aloe_(mlp),friendship_is_magic,688
lotus_(mlp),friendship_is_magic,688
may_(pokemon),pokemon,686
brandy_harrington,brandy_and_mr._whiskers,685
dr._eggman,sonic_the_hedgehog_(series),685
barrel_(live_a_hero),live_a_hero,684
mad_rat_(mad_rat_dead),mad_rat_dead,682
liara_t'soni,mass_effect,680
ryekie_(live_a_hero),live_a_hero,678
hilda_(pokemon),pokemon,677
nazuna_hiwatashi,brand_new_animal,675
pipp_petals_(mlp),mlp_g5,674
aeris_(vg_cats),vg_cats,673
fleur_de_lis_(mlp),friendship_is_magic,673
fiona_fox,sonic_the_hedgehog_(archie),672
lulu_(lol),league_of_legends,667
richard_watterson,the_amazing_world_of_gumball,665
autumn_blaze_(mlp),friendship_is_magic,665
clawroline,kirby_(series),664
night_light_(mlp),friendship_is_magic,661
trace_legacy,twokinds,657
berry_punch_(mlp),friendship_is_magic,652
vex_(lol),league_of_legends,650
belladonna_(trials_of_mana),trials_of_mana,650
fang_(gvh),goodbye_volcano_high,650
polly_esther,samurai_pizza_cats,649
dawn_(pokemon),pokemon,649
yuumi_(lol),league_of_legends,648
jake_long,american_dragon:_jake_long,647
rika_nonaka,digimon,645
miyu_lynx,star_fox,644
marshal_(animal_crossing),animal_crossing,642
buster_bunny,tiny_toon_adventures,642
snails_(mlp),friendship_is_magic,640
surge_the_tenrec,sonic_the_hedgehog_(idw),639
ilulu,miss_kobayashi's_dragon_maid,639
commander_shepard,mass_effect,639
peppy_hare,star_fox,638
marceline_abadeer,adventure_time,637
april_o'neil,teenage_mutant_ninja_turtles,635
bolt_(bolt),bolt_(film),632
scooby-doo,scooby-doo_(series),625
funtime_foxy_(fnaf),five_nights_at_freddy's,623
prince_sidon,breath_of_the_wild,619
moondancer_(mlp),friendship_is_magic,618
lord_dominator,wander_over_yonder,617
jet_the_hawk,sonic_riders,616
king_dedede,kirby_(series),611
nadia_fortune,skullgirls,609
mayor_mare_(mlp),friendship_is_magic,608
ashido_mina,my_hero_academia,608
vanny_(fnaf),five_nights_at_freddy's,606
morrigan_aensland,darkstalkers,605
kovu,the_lion_king,604
krampus,christmas,603
garfield_the_cat,garfield_(series),600
kouya_(morenatsu),morenatsu,598
masyunya_(vkontakte),vkontakte,595
cupcake_(fnaf),five_nights_at_freddy's,594
goofy_(disney),disney,593
garrus_vakarian,mass_effect,591
marine_the_raccoon,sonic_the_hedgehog_(series),590
kaa_(jungle_book),the_jungle_book,587
angel_(lady_and_the_tramp),lady_and_the_tramp,587
tsunoda,aggressive_retsuko,587
broodal,super_mario_odyssey,585
vivian_(mario),paper_mario,582
red_xiii,final_fantasy_vii,580
carol_tea,freedom_planet,578
pepe_le_pew,looney_tunes,578
donald_duck,disney,576
sarabi,the_lion_king,574
haydee,haydee_(game),571
vortex_(helluva_boss),helluva_boss,571
jerry_mouse,tom_and_jerry,569
princess_daisy,mario_bros,569
raven_(dc),dc_comics,567
reppy_(mlp),my_little_pony,566
chance_furlong,swat_kats,565
thomas_cat,tom_and_jerry,559
zorori,kaiketsu_zorori,559
princess_ruto,ocarina_of_time,558
silverstream_(mlp),friendship_is_magic,558
mr._snake_(the_bad_guys),the_bad_guys,558
tali'zorah,mass_effect,554
samuel_dog,sam_and_max,551
hitch_trailblazer_(mlp),mlp_g5,549
nazrin,touhou,549
ganondorf,the_legend_of_zelda,548
cloud_chaser_(mlp),friendship_is_magic,548
captain_amelia,treasure_planet,547
tifa_lockhart,final_fantasy_vii,545
adorabat,mao_mao:_heroes_of_pure_heart,545
gabby_(mlp),friendship_is_magic,544
angus_delaney,night_in_the_woods,541
volibear,league_of_legends,540
thorax_(mlp),friendship_is_magic,539
tweetfur,twitter,538
tony_the_tiger,frosted_flakes,537
rover_(animal_crossing),animal_crossing,537
marionette_(fnaf),five_nights_at_freddy's_2,537
unikitty,the_lego_movie,536
flash_sentry_(mlp),friendship_is_magic,535
rosalina_(mario),super_mario_galaxy,535
milla_basset,freedom_planet,534
rumble_(mlp),friendship_is_magic,534
ruri_tsukiyono,digimon,530
yakko_warner,animaniacs,529
pear_butter_(mlp),friendship_is_magic,528
mufasa,the_lion_king,526
honey_the_cat,sonic_the_fighters,525
makoto_nanaya,blazblue,525
zipp_storm_(mlp),mlp_g5,525
darwin_watterson,the_amazing_world_of_gumball,523
heart_(mad_rat_dead),mad_rat_dead,522
crazy_redd,animal_crossing,522
velvet_reindeer_(tfh),them's_fightin'_herds,522
leon_powalski,star_fox,521
bob_(animal_crossing),animal_crossing,521
queen_tyr'ahnee,duck_dodgers,520
lilith_calah,dreamkeepers,519
princess_bubblegum,adventure_time,518
dixie_kong,donkey_kong_(series),517
brooklyn_(gargoyles),gargoyles,516
steele_(balto),balto_(film),514
alopex,teenage_mutant_ninja_turtles,513
macan_(tas),tokyo_afterschool_summoners,513
remmy_cormo,pack_street,508
beau_(animal_crossing),animal_crossing,507
shima_luan,super_planet_dolan,507
pipsqueak_(mlp),friendship_is_magic,503
champa,dragon_ball_super,502
lolbit_(fnaf),five_nights_at_freddy's_world,500
vector_the_crocodile,sonic_the_hedgehog_(series),500
meowscles,fortnite,500
bronwyn,adventure_time,499
fink_(ok_k.o.!_lbh),ok_k.o.!_let's_be_heroes,499
bambi,bambi_(film),499
the_deadly_six,sonic_the_hedgehog_(series),498
panda_(wbb),we_bare_bears,497
windy_whistles_(mlp),friendship_is_magic,494
rocko_rama,rocko's_modern_life,493
off_the_hook_(splatoon),splatoon,492
meow_(space_dandy),space_dandy,491
doom_slayer,doom_(series),490
shiron,legendz,489
kanna_kamui,miss_kobayashi's_dragon_maid,488
raine_silverlock,twokinds,488
fay_spaniel,star_fox,487
cheese_the_chao,sonic_the_hedgehog_(series),485
hex_maniac,pokemon,483
gloria_(pokemon),pokemon,483
jessica_rabbit,who_framed_roger_rabbit,482
crusch_lulu,overlord_(series),482
gantu,lilo_and_stitch,482
skye_(paw_patrol),paw_patrol,481
rosie_(animal_crossing),animal_crossing,481
quetzalcoatl_(dragon_maid),miss_kobayashi's_dragon_maid,479
elza_(interspecies_reviewers),interspecies_reviewers,479
bandit_heeler,bluey_(series),477
dolly_(101_dalmatians),101_dalmatian_street,477
lightning_dust_(mlp),friendship_is_magic,475
bill_(beastars),beastars,475
gouhin_(beastars),beastars,474
mora_linda,las_lindas,474
king_ghidorah,godzilla_(series),473
gummy_(mlp),friendship_is_magic,473
hiro_amanokawa,digimon,473
toon_link,wind_waker,473
grizzly_(wbb),we_bare_bears,471
serena_(pokemon),pokemon,470
diddy_kong,donkey_kong_(series),470
hatsune_miku,vocaloid,470
kit_cloudkicker,talespin,469
whitney_(animal_crossing),animal_crossing,469
leo_(vg_cats),vg_cats,469
hekapoo,star_vs._the_forces_of_evil,468
katt_monroe,star_fox,468
blue_(jurassic_world),jurassic_world,467
red_(pokemon),pokemon,467
mabel_able,animal_crossing,467
timmy_nook,animal_crossing,465
alvin_seville,alvin_and_the_chipmunks,464
tommy_nook,animal_crossing,463
miia_(monster_musume),monster_musume,463
panther_caroso,star_fox,463
tiger_dancer_(zootopia),zootopia,463
apollo_(animal_crossing),animal_crossing,463
jake_clawson,swat_kats,462
daffy_duck,looney_tunes,462
ahsoka_tano,star_wars,462
rose_(mlp),friendship_is_magic,460
k.k._slider,animal_crossing,460
snips_(mlp),friendship_is_magic,459
medli,the_legend_of_zelda,458
carrot_top_(mlp),friendship_is_magic,458
chip_(sonic),sonic_unleashed,458
berdly,deltarune,457
winnie_werewolf_(ghoul_school),ghoul_school,454
dire_(fortnite),fortnite,453
cozy_glow_(mlp),friendship_is_magic,452
kounosuke_(morenatsu),morenatsu,452
caster_tamamo-no-mae,fate_(series),451
vitani,the_lion_king,449
mrs._shy_(mlp),friendship_is_magic,449
chen_(touhou),touhou,449
teba_(tloz),breath_of_the_wild,448
goat_lucifer_(helltaker),helltaker,445
twilight_sparkle_(eg),equestria_girls,445
minuette_(mlp),friendship_is_magic,444
hello_kitty_(character),hello_kitty_(series),444
shippou_(inuyasha),inuyasha,444
dale_(disney),disney,443
calem_(pokemon),pokemon,440
doraemon_(character),doraemon,438
wilykit,thundercats,438
chip_(disney),disney,436
timon,the_lion_king,435
stellar_flare_(mlp),friendship_is_magic,434
velma_dinkley,scooby-doo_(series),433
dudley_puppy,t.u.f.f._puppy,432
kennen_(lol),league_of_legends,431
mrs._brisby,the_secret_of_nimh,431
lin_hu,nekojishi,431
sue_sakamoto,cave_story,430
punchy_(animal_crossing),animal_crossing,430
bonnie_hopps,zootopia,430
hiccup_horrendous_haddock_iii,how_to_train_your_dragon,429
classic_amy_rose,classic_sonic_(universe),429
megumi_bandicoot,crash_bandicoot_(series),427
tree_hugger_(mlp),friendship_is_magic,426
miranda_(wakfu),wakfu,424
angela_cross,ratchet_and_clank,424
cuphead_(character),cuphead_(game),424
master_viper,kung_fu_panda,423
fennix_(fortnite),fortnite,423
tiny_kong,donkey_kong_(series),423
sawyer_(cats_don't_dance),cats_don't_dance,420
infinite_(sonic),sonic_forces,417
scourge_the_hedgehog,sonic_the_hedgehog_(archie),417
dingodile,crash_bandicoot_(series),417
dinky_hooves_(mlp),friendship_is_magic,417
funtime_foxy_(fnafsl),sister_location,414
wakko_warner,animaniacs,413
shin_(morenatsu),morenatsu,413
likulau,nekojishi,413
zabivaka,fifa,413
mr._cake_(mlp),friendship_is_magic,412
leggy_lamb,sheep_wrecked,412
bojack_horseman_(character),bojack_horseman,411
squid_sisters_(splatoon),splatoon,411
nubless,how_to_train_your_dragon,410
flitter_(mlp),friendship_is_magic,409
urbosa,breath_of_the_wild,408
custom_character_(sonic_forces),sonic_forces,403
kled_(lol),league_of_legends,402
lt._fox_vixen,squirrel_and_hedgehog,401
mirage_(disney),disney's_aladdin,401
kicks_(animal_crossing),animal_crossing,400
tinker_bell_(disney),peter_pan,398
interstellar_demon_stripper,rick_and_morty,398
lara_croft,tomb_raider,396
eda_clawthorne,the_owl_house,396
ice_bear,we_bare_bears,396
rosa_(pokemon),pokemon,395
fluffle_puff,my_little_pony,392
kyubi_(yo-kai_watch),yo-kai_watch,391
daxter,jak_and_daxter,390
julie_bruin,tiny_toon_adventures,389
batman,batman_(series),389
classic_sonic,classic_sonic_(universe),388
yorha_2b,nier_automata,388
centorea_shianus_(monster_musume),monster_musume,388
catti_(deltarune),deltarune,387
paprika_paca_(tfh),them's_fightin'_herds,387
espio_the_chameleon,sonic_the_hedgehog_(series),386
jake_the_dog,adventure_time,386
circus_baby_(fnaf),five_nights_at_freddy's,385
tadano_(aggretsuko),aggressive_retsuko,384
catra,she-ra_and_the_princesses_of_power,382
courage_the_cowardly_dog_(character),courage_the_cowardly_dog,382
shu-chi,nekojishi,380
jennifer_(study_partners),study_partners,380
pavita_pechugona,la_pavita_pechugona,378
puss_in_boots_(dreamworks),dreamworks,378
winnie_werewolf_(hotel_transylvania),hotel_transylvania,378
crewmate_(among_us),among_us,377
shino_(animal_crossing),animal_crossing,376
burgerpants,undertale_(series),375
granny_smith_(mlp),friendship_is_magic,375
patricia_bunny,the_looney_tunes_show,374
charlie_morningstar,hazbin_hotel,374
tsukino_(monster_hunter_stories),monster_hunter_stories_2:_wings_of_ruin,372
jumba_jookiba,lilo_and_stitch,371
mia_(world_flipper),world_flipper,371
stu_hopps,zootopia,371
kanga,winnie_the_pooh_(franchise),371
metal_sonic,sonic_the_hedgehog_(series),371
red_savarin,solatorobo,370
tatsuki_(morenatsu),morenatsu,369
aisha_clanclan,outlaw_star,369
verosika_mayday_(helluva_boss),helluva_boss,369
demona_(gargoyles),gargoyles,368
drum_bunker_dragon,future_card_buddyfight,368
easter_bunny,easter,368
bast,egyptian_mythology,366
cosmo_the_seedrian,sonic_x,366
perdita,101_dalmatians,365
laura_(twokinds),twokinds,363
mipha,breath_of_the_wild,363
zim_(invader_zim),invader_zim,363
parappa,parappa_the_rapper,363
ben_(zenless_zone_zero),zenless_zone_zero,363
auroth_the_winter_wyvern,dota,362
meta_knight,kirby_(series),362
spongebob_squarepants_(character),spongebob_squarepants,362
neco-arc,tsukihime,360
pac-man,pac-man_(series),359
vicar_amelia,bloodborne,359
lady_(lady_and_the_tramp),lady_and_the_tramp,358
lop_(star_wars_visions),star_wars_visions,358
etna_(disgaea),disgaea,358
littlepip,fallout_equestria,357
renimpmon,digimon,357
kogenta_(onmyou_taisenki),onmyou_taisenki,356
kanna_(blaster_master),blaster_master,355
protagonist_(live_a_hero),live_a_hero,355
king_clawthorne,the_owl_house,355
sonata_dusk_(eg),equestria_girls,355
leodore_lionheart,zootopia,354
oleander_(tfh),them's_fightin'_herds,351
giygas,earthbound_(series),351
rita_(jungledyret),jungledyret_hugo,350
ms._tarantula_(the_bad_guys),the_bad_guys,349
spoiled_rich_(mlp),friendship_is_magic,349
pound_cake_(mlp),friendship_is_magic,349
sphinx_(mlp),friendship_is_magic,348
pumpkin_cake_(mlp),friendship_is_magic,348
gwen_martin,gwen_geek,347
niko_(oneshot),oneshot,347
cheetara,thundercats,347
gwen_tennyson,ben_10,346
dylan_(101_dalmatians),101_dalmatian_street,346
d.va_(overwatch),overwatch,345
slark_the_nightcrawler,dota,345
the_shark_(changed),changed_(video_game),344
urdnot_wrex,mass_effect,344
flaky_(htf),happy_tree_friends,344
prince_blueblood_(mlp),friendship_is_magic,342
quill-weave,oblivion,341
olivia_(animal_crossing),animal_crossing,340
ganyu_(genshin_impact),genshin_impact,340
mr._shark_(the_bad_guys),the_bad_guys,339
drone_(mlp),friendship_is_magic,339
daisy_duck,disney,336
sugar_belle_(mlp),friendship_is_magic,336
princess_carolyn,bojack_horseman,336
tohru_(dragon_maid),miss_kobayashi's_dragon_maid,336
general_yunan,amphibia_(series),336
jessie_(team_rocket),team_rocket,335
alistar_(lol),league_of_legends,334
pyro_(team_fortress_2),team_fortress_2,334
berri,conker's_bad_fur_day,333
sabrina_(sabrina_online),sabrina_online,333
felina_feral,swat_kats,333
cookie_crumbles_(mlp),friendship_is_magic,332
ami_bandicoot,crash_bandicoot_(series),332
lillie_(pokemon),pokemon,331
jasper_(family_guy),family_guy,331
jimmy_crystal,sing_(movie),329
monique_pussycat,super_fuck_friends,329
yona_yak_(mlp),friendship_is_magic,329
curt_(animal_crossing),animal_crossing,329
aak_(arknights),arknights,329
zoe_trent,littlest_pet_shop,328
everest_(paw_patrol),paw_patrol,328
hiroyuki_(morenatsu),morenatsu,328
aurelion_sol_(lol),league_of_legends,327
jack_frost_(megami_tensei),megami_tensei,326
gaster,undertale,325
cerberus_(helltaker),helltaker,324
demon_lord_dragon_batzz,future_card_buddyfight,323
lady_nora_(twokinds),twokinds,323
kagerou_imaizumi,touhou,323
duck_hunt_dog,duck_hunt,322
serval-chan,kemono_friends,322
teddy_(animal_crossing),animal_crossing,321
power_ponies_(mlp),friendship_is_magic,321
clank_(ratchet_and_clank),ratchet_and_clank,320
sora_(kingdom_hearts),kingdom_hearts,320
pina_(beastars),beastars,318
grape_jelly_(housepets!),housepets!,318
panini_(chowder),chowder_(series),318
aryanne_(character),my_little_pony,316
liz_bandicoot,crash_bandicoot_(series),316
gloria_the_hippopotamus,madagascar_(series),316
zen_(twokinds),twokinds,314
mercy_(overwatch),overwatch,314
liru_(magical_pokaan),magical_pokaan,314
arizona_cow_(tfh),them's_fightin'_herds,314
namah_calah,dreamkeepers,314
shadowbolts_(mlp),friendship_is_magic,313
brittany_miller,alvin_and_the_chipmunks,312
sajin_komamura,bleach_(series),311
harley_quinn,batman_(series),311
bratty_(undertale),undertale_(series),311
m'ress,star_trek_the_animated_series,311
hilbert_(pokemon),pokemon,311
zac_(lol),league_of_legends,309
chikn_nuggit_(chikn_nuggit),chikn_nuggit,308
victor_(pokemon),pokemon,308
polar_patroller,fortnite,308
adagio_dazzle_(eg),equestria_girls,308
flippy_(htf),happy_tree_friends,308
scp-682,scp_foundation,308
nomad_(tas),tokyo_afterschool_summoners,307
mike_(twokinds),twokinds,307
cuddle_team_leader,fortnite,306
suki_lane,sing_(movie),306
shade_the_echidna,sonic_chronicles:_the_dark_brotherhood,306
clarice_(disney),disney,305
cthulhu,cthulhu_mythos,304
fwench_fwy_(chikn_nuggit),chikn_nuggit,304
cloudy_quartz_(mlp),friendship_is_magic,304
rory_(ceehaz),dog_knight_rpg,304
simon_seville,alvin_and_the_chipmunks,304
goku,dragon_ball,303
fleetfoot_(mlp),friendship_is_magic,303
twist_(mlp),friendship_is_magic,303
leo_(red_earth),red_earth,301
mega_man_(character),mega_man_(series),300
bianca_(spyro),spyro_the_dragon,300
mugman,cuphead_(game),300
peanut_butter_(housepets!),housepets!,299
esix,e621,299
mr._peanutbutter,bojack_horseman,299
wanda_(one_piece),one_piece,297
sythe_(twokinds),twokinds,295
avocato,final_space,295
napstablook,undertale,295
caramel_(mlp),friendship_is_magic,294
hybrid_(fortnite),fortnite,294
pj_(goof_troop),goof_troop,294
spider-man_(character),spider-man_(series),292
marie_itami,brand_new_animal,291
webby_vanderquack,ducktales,290
fara_phoenix,star_fox,290
jubei_(blazblue),blazblue,290
yooka,yooka-laylee,289
sierra_(mana),mana_(series),289
alexstrasza,warcraft,289
kirara_(inuyasha),inuyasha,288
regu,made_in_abyss,288
inui_(aggressive_retsuko),aggressive_retsuko,287
scout_(team_fortress_2),team_fortress_2,284
crunch_bandicoot,crash_bandicoot_(series),284
counting_cougar,t.u.f.f._puppy,284
lupe_the_wolf,sonic_the_hedgehog_(archie),284
asui_tsuyu,my_hero_academia,284
rhea_snaketail,slightly_damned,284
jevil_(deltarune),deltarune,283
madelyn_adelaide,twokinds,283
spring_bonnie_(fnaf),five_nights_at_freddy's,283
funtime_freddy_(fnafsl),sister_location,281
hung_(arknights),arknights,281
squigly,skullgirls,281
annoying_dog_(undertale),undertale_(series),281
labelle_able,animal_crossing,280
katz_(courage_the_cowardly_dog),courage_the_cowardly_dog,280
wolfrun,pretty_cure,279
shun_(morenatsu),morenatsu,279
garble_(mlp),friendship_is_magic,278
alejandra_coldthorn,las_lindas,276
tracer_(overwatch),overwatch,275
withered_bonnie_(fnaf),five_nights_at_freddy's_2,274
cham_cham,samurai_shodown,273
takato_matsuki,digimon,273
king_boo,luigi's_mansion,272
mace_(dreamkeepers),dreamkeepers,272
mamoru-kun,mamoru-kun_(series),272
link_(rabbit_form),the_legend_of_zelda,272
leia_organa,star_wars,272
lady_bow,paper_mario,271
elh_melizee,solatorobo,270
jeanette_miller,alvin_and_the_chipmunks,270
somnambula_(mlp),friendship_is_magic,270
fionna_the_human,adventure_time,270
candy_kong,donkey_kong_(series),269
kibbles_(uberquest),uberquest,268
kumatetsu,the_boy_and_the_beast,268
doggo_(undertale),undertale,268
margaret_smith_(regular_show),regular_show,268
ronno,bambi_(film),268
rin_kaenbyou,touhou,268
delilah_(101_dalmatians),101_dalmatian_street,267
general_scales,star_fox,266
navi,ocarina_of_time,266
grunt_(pokemon),pokemon,265
cleo_catillac,heathcliff_and_the_catillac_cats,265
medusa,greek_mythology,265
bluey_heeler,bluey_(series),264
lauren_faust_(character),friendship_is_magic,264
midna_(true_form),twilight_princess,263
jade_harley,homestuck,262
chaos_(sonic),sonic_adventure,261
isabella_bandicoot,crash_bandicoot_(series),261
coloratura_(mlp),friendship_is_magic,261
king_kazma,summer_wars,261
neri_(caelum_sky),caelum_sky,260
hazel_(animal_crossing),animal_crossing,260
dragaux,ring_fit_adventure,259
lien-da,sonic_the_hedgehog_(archie),258
wile_e._coyote,looney_tunes,258
iscream_(chikn_nuggit),chikn_nuggit,258
lancer_(deltarune),deltarune,257
carmen_(animal_crossing),animal_crossing,257
chase_(paw_patrol),paw_patrol,255
doggie_kruger,power_rangers,255
bernard_(ok_k.o.!_lbh),ok_k.o.!_let's_be_heroes,255
katt_(breath_of_fire),breath_of_fire,255
elio_(pokemon),pokemon,254
reisen_udongein_inaba,touhou,254
dr._k_(changed),changed_(video_game),254
winona_(mlp),friendship_is_magic,253
solar_flare_(pvz),plants_vs._zombies_heroes,253
tirek_(mlp),friendship_is_magic,253
von_lycaon,zenless_zone_zero,253
marshall_(paw_patrol),paw_patrol,253
mrs._otterton,zootopia,253
alcina_dimitrescu,resident_evil,252
betty_(weaver),pack_street,252
buwaro_elexion,slightly_damned,252
tod_(fath),fox_and_the_hound,252
jinbe,one_piece,252
stella_(gvh),goodbye_volcano_high,251
mr._piranha_(the_bad_guys),the_bad_guys,251
curly_brace,cave_story,250
laylee,yooka-laylee,250
gawr_gura,hololive,250
king_snugglemagne_xxv,mao_mao:_heroes_of_pure_heart,249
rouen_(shining),shining_(sega),249
ganon,the_legend_of_zelda,247
chun-li,street_fighter,247
mountain_(arknights),arknights,247
taylor_renee_wolford_(darkflamewolf),legend_of_ahya,247
mane-iac_(mlp),friendship_is_magic,247
raphtalia,the_rising_of_the_shield_hero,247
melon_(beastars),beastars,247
trish_(gvh),goodbye_volcano_high,246
katt_(animal_crossing),animal_crossing,245
charlie_(weaver),pack_street,245
jean_(minecraft),minecraft,244
kai_the_collector,kung_fu_panda,244
ben_tennyson,ben_10,243
epona_(tloz),the_legend_of_zelda,243
izuku_midoriya,my_hero_academia,243
ty_conrad,texnatsu,243
sulley,monsters_inc,241
francine_(animal_crossing),animal_crossing,240
balloon_boy_(fnaf),five_nights_at_freddy's_2,240
spy_(team_fortress_2),team_fortress_2,240
set_(deity),egyptian_mythology,238
dogmeat,fallout,238
wendy_pleakley,lilo_and_stitch,237
lolly_(animal_crossing),animal_crossing,237
tianhuo_(tfh),them's_fightin'_herds,237
ivy_valentine,soul_calibur,237
master_crane,kung_fu_panda,237
spirit_(cimarron),spirit:_stallion_of_the_cimarron,237
ranshiin,legendz,237
mothra,mothra_(series),237
photo_finish_(mlp),friendship_is_magic,237
palutena,kid_icarus,236
pit_(kid_icarus),kid_icarus,236
pom_(tfh),them's_fightin'_herds,236
iggy_(jjba),jojo's_bizarre_adventure,235
crimvael_(interspecies_reviewers),interspecies_reviewers,234
heavy_(team_fortress_2),team_fortress_2,234
rachnera_arachnera_(monster_musume),monster_musume,234
nani_pelekai,lilo_and_stitch,232
alakay_alex,madagascar_(series),232
princess_jasmine_(disney),disney's_aladdin,232
stith,titan_a.e.,232
king_(tekken),tekken,232
pooh_bear,winnie_the_pooh_(franchise),232
jewel_(rio),rio_(series),232
squid_dog_(changed),changed_(video_game),231
riz_(beastars),beastars,231
naruto_uzumaki,naruto,230
blue_(blue's_clues),blue's_clues,230
furlong_(live_a_hero),live_a_hero,230
tangy_(animal_crossing),animal_crossing,230
don_karnage,talespin,230
zoologist_(terraria),terraria,229
mighty_the_armadillo,sonic_the_hedgehog_(series),229
super_sonic,sonic_the_hedgehog_(series),228
kimahri,final_fantasy,227
starfire_(teen_titans),teen_titans,227
my_melody,onegai_my_melody,227
madam_reni_(twokinds),twokinds,227
nepeta_leijon,homestuck,226
duke_weaselton,zootopia,226
charle_(fairy_tail),fairy_tail,226
pepper_clark,littlest_pet_shop,225
dragon_(shrek),shrek_(series),225
mary_senicourt,the_amazing_world_of_gumball,225
backy_(mlp),my_little_pony,224
rabbit_(winnie_the_pooh),winnie_the_pooh_(franchise),224
drossel_von_flugel_(fireball),fireball_(disney),224
renimpmon_x,digimon,224
bendy_the_dancing_demon,bendy_and_the_ink_machine,223
maleficent,sleeping_beauty_(1959),223
maren_taverndatter,twokinds,223
secretary_washimi,aggressive_retsuko,221
sylvester,looney_tunes,221
mei_(one_stormy_night),one_stormy_night,221
blake_belladonna,rwby,220
lucifer_(helltaker),helltaker,220
lucy_(bcb),bittersweet_candy_bowl,220
violet_hopps,zootopia,220
zephyr_breeze_(mlp),friendship_is_magic,219
ariel_(disney),the_little_mermaid_(1989),218
zooey_the_fox,sonic_boom,217
aria_blaze_(eg),equestria_girls,217
puppet_bonnie_(fnafsl),sister_location,217
fizzle_(mlp),friendship_is_magic,217
coco_(animal_crossing),animal_crossing,217
mabel_pines,gravity_falls,216
smartypants_(mlp),friendship_is_magic,216
penelope_pussycat,looney_tunes,216
peter_pete_sr.,goof_troop,216
kuromi,onegai_my_melody,216
agent_8_(splatoon),splatoon,215
eleanor_miller,alvin_and_the_chipmunks,215
king_julien,madagascar_(series),215
lena_(ducktales),ducktales_(2017),214
tarnished_(elden_ring),elden_ring,214
addison_(frisky_ferals),frisky_ferals,214
hoity_toity_(mlp),friendship_is_magic,214
ms._chalice,cuphead_(game),214
kyle_(animal_crossing),animal_crossing,214
cassie_(dragon_tales),dragon_tales,214
gabu,one_stormy_night,214
miyamoto_usagi,usagi_yojimbo,214
modeus_(helltaker),helltaker,213
lisa_simpson,the_simpsons,213
leroy_(lilo_and_stitch),lilo_and_stitch,213
tai_lung_(kung_fu_panda),kung_fu_panda,213
engineer_(team_fortress_2),team_fortress_2,213
medic_(team_fortress_2),team_fortress_2,212
jasiri_(tlg),the_lion_guard,212
assassin_shuten-douji,fate_(series),212
surprise_(pre-g4),my_little_pony,211
reed_(gvh),goodbye_volcano_high,211
kyubey,puella_magi_madoka_magica,210
goliath_(gargoyles),gargoyles,210
valoo,wind_waker,210
ruby_(jewelpet),jewelpet,210
charmy_bee,sonic_the_hedgehog_(series),209
doge,dogelore,209
yossi,telemonster,209
kate_(alpha_and_omega),alpha_and_omega,209
officer_fangmeyer,zootopia,208
selene_(pokemon),pokemon,208
sparx,spyro_the_dragon,207
astrid_hofferson,how_to_train_your_dragon,207
elizabeth_(bioshock_infinite),bioshock_infinite,207
hobbes,calvin_and_hobbes,207
sylvia_marpole,goof_troop,207
koops,paper_mario,207
kali_belladonna,rwby,206
master_chief,halo_(series),205
leo_(saitama_seibu_lions),saitama_seibu_lions,205
n_(pokemon),pokemon,205
bubsy,bubsy_(series),205
turanga_leela,futurama,205
slenderman,creepypasta,204
dtz_(cdrr),chip_'n_dale_rescue_rangers,204
skye_(animal_crossing),animal_crossing,204
sarah_silkie,las_lindas,204
spike_(eg),equestria_girls,203
azir_(lol),league_of_legends,203
hellhound_(mge),monster_girl_encyclopedia,203
rita_(disney),oliver_and_company,203
leviathan_(skullgirls),skullgirls,203
goombella,paper_mario,203
cofi_(chikn_nuggit),chikn_nuggit,203
tiny_tiger,crash_bandicoot_(series),202
hecarim_(lol),league_of_legends,202
luz_noceda,the_owl_house,202
jeane_(ceehaz),dog_knight_rpg,202
kneesocks_daemon,panty_and_stocking_with_garterbelt,202
mr._peabody,mr._peabody_and_sherman,201
rosa_(gvh),goodbye_volcano_high,201
solid_snake,metal_gear,201
slappy_squirrel,animaniacs,201
bonnie_(lilo_and_stitch),lilo_and_stitch,200
florian_(pokemon),pokemon,200
sona_(lol),league_of_legends,200
bulk_biceps_(mlp),friendship_is_magic,200
maliketh_(elden_ring),elden_ring,200
kimba,kimba_the_white_lion,200
devon_(frisky_ferals),frisky_ferals,200
dust_(elysian_tail),dust:_an_elysian_tail,200
chief_komiya,aggressive_retsuko,200
